threshold,accuracy,precision,recall,f1,auroc,tp,fp,fn,tn,novice,params
1.75e-06,0.7503506311360448,0.66,0.3142857142857143,0.4258064516129032,0.6298352740698666,66,34,144,469,Linear,960
2.3500759999999996,0.8863955119214586,0.8486486486486486,0.7476190476190476,0.7949367088607595,0.9199659187730759,157,28,53,475,Nonlinear CNN,1109952
4.48417675,0.8639551192145862,0.7652582159624414,0.7761904761904762,0.7706855791962175,0.926299346776484,163,50,47,453,SegFormer-B5,84607955
