threshold,accuracy,precision,recall,f1,auroc,tp,fp,fn,tn,metric
14.44665941320038,0.8541374474053296,0.7819148936170213,0.7,0.7386934673366834,0.9119284294234592,147,41,63,462,mean
4.484177001723642,0.8639551192145862,0.7652582159624414,0.7761904761904762,0.7706855791962175,0.926299346776484,163,50,47,453,median
575.3908581920609,0.844319775596073,0.7438423645320197,0.719047619047619,0.7312348668280871,0.8987124869828648,151,52,59,451,max
