threshold_name,threshold,bal_acc,precision,recall,f1,n_flagged_ID,n_missed_OOD
optimal (6.5),6.5,0.868167187352078,0.7972350230414746,0.8238095238095238,0.810304449648712,44,37
conservative (10.0),10.0,0.5714285714285714,1.0,0.14285714285714285,0.25,0,180
