threshold,accuracy,precision,recall,f1,auroc,tp,fp,fn,tn
0.158493086695671,0.7713884992987378,0.9433962264150944,0.23809523809523808,0.38022813688212925,0.6858562908264698,50,3,160,500
